macos-arm64-packages-unsigned	421203436	2026-09-25T01:53:38Z
worker-smoke-macOS	1094	2026-10-02T01:53:37Z
macos-arm64-unpacked-unsigned	461387440	2026-09-25T01:53:53Z
remote-runtime-linux-arm64	47192146	2026-09-19T01:34:25Z
worker-smoke-Windows	1055	2026-10-02T01:41:10Z
windows-installer	188066453	2026-10-02T01:41:11Z
windows-portable	187573767	2026-10-02T01:41:19Z
remote-runtime-linux-x64	47438646	2026-09-19T01:34:23Z
windows-unpacked	274091043	2026-09-25T01:41:28Z
linux-packages	379542862	2026-09-25T01:39:57Z
app-build	7679161	2026-09-19T01:35:13Z
worker-smoke-Linux	1027	2026-10-02T01:39:56Z
